PC1,PC2,PC3,PC4,PC5,PC6,Target
-5.419050064618062,-0.5635648712775674,0.217031552215134,2.3653638101431285,1.0921314951955396,0.3823125683413323,0.12638662576475168
-5.271104811222192,-0.5697691117341713,0.03997601159425046,0.7282119761901734,1.1419651402306634,0.3044366752332456,0.1316603283775104
-5.151582907239727,-0.5177642140769719,0.09377509501089998,0.9214813484242612,1.0026479631487946,0.025269812224948694,0.08956172189005573
-5.414249065317296,-0.7334213181639949,0.029318252491824334,0.28923046547589354,0.7595265622627566,-0.009551862137646668,0.19867246596827437
-4.8479623732547505,-0.0334502188406796,0.26283109558338824,1.7163594346153495,0.804483558893578,-0.6984086706350058,0.22440443309569913
-4.423475130873124,0.06539609917495007,0.20356402660635617,1.0048299082142964,0.8037049700960823,-0.9292469808085879,0.21149301169542145
-4.325499442712794,-0.02398866037246608,0.12211850245729568,0.22412587453931948,0.6451963657123384,-1.0228257662614506,0.22749587087995882
-4.186102257512852,0.05954006247442315,0.22726077505028405,0.8097960692387947,0.47631366019432736,-1.3549454006969177,0.2161301683718111
-4.232054827940338,-0.016460496024007155,0.11362472710114613,-0.2656267773672671,0.3630399927843774,-1.4179226213169516,0.2336788851899636
-4.2200570893296945,0.08529068945726259,0.2288946447329896,0.36739925272753715,0.19406802712655372,-1.7521492683450328,0.23886157338810654
-3.964004438595581,0.2653073494259781,0.1435920591544971,0.1614288031243388,0.20893915535160965,-1.7106441564899002,0.20903798110604566
-4.121953294642069,0.06978768207956472,0.05918933665762442,-0.64022240170892,0.005391929454368156,-1.7477972691218453,0.2287688240112118
-3.848817390952274,0.9903609339338483,-0.355566929366266,-0.8854175980384591,0.5801243073642617,-0.6468421485841885,0.2368613373888393
-3.7501261344618984,1.0615711788557336,-0.26929142740596207,-0.5632542379605221,0.431915825672085,-0.9447350257215275,0.20994729280329172
-3.780947730537576,0.8283834135645597,-0.5349427688942499,-2.141204786019219,0.3676444861839808,-0.9531031750342062,0.17457723214759535
-4.417211270757065,0.3259682177126838,-0.3282175887608276,-0.10061776883196895,0.16953522641442867,-1.0185342647676963,0.14684489027941772
-4.767529866989115,0.1164300179737433,-0.31083156910944504,0.392407052230378,-0.23240227156608223,-1.1418688570632327,0.20921987119379204
-4.544338063928881,0.46835999428200903,-0.2471372510694313,1.2479055825501182,-0.21212181259018822,-1.6882284015897773,0.2117657774562982
-4.1618746879721344,0.35574017658712925,-0.45193939589471616,-0.07283536772273375,-0.024821042210374254,-1.7895479726288521,0.20721949645303916
-4.39443824262247,-0.6960660321116263,-0.2803916860505313,-0.017077216518756728,1.149417459290767,-1.0689659318871743,0.19649033988126074
-4.447908663330337,-0.775894084210975,-0.2899199761721035,0.09792539413394825,0.9045850564637365,-1.2625232197112137,0.1626659981176941
-4.741057375879772,-1.109895799986785,-0.23842997699139465,-0.1963214072846929,0.7000809887406698,-1.361750199312476,0.14475363986553447
-5.095510893003865,-1.6123220797345235,-0.0891326323825947,0.14057282484413555,1.3086497618362198,-0.6474655213498357,0.1603018432014487
-4.958209476412659,-1.5359596298031535,-0.12550481254215973,-0.2467092640546288,1.2300672510748514,-0.8677472150779859,0.15584657661280543
-5.099969617329222,-1.5845344670068724,-0.10292931643805987,0.3221769777052647,0.9449781942892799,-1.1150940553085709,0.17703226273697115
-4.907038605294869,-1.1210074901477467,-0.38226896086331774,0.13446626063481296,1.0417246659333932,-0.9842393568506339,0.18594293465574308
-4.723351936038729,-0.9356554994390919,-0.33976639341428183,1.0096671528269845,0.7490736643980221,-1.3049041292505783,0.16539379446794666
-4.949399092954702,-1.0730269541142659,-0.4326370661903196,0.5425309526370987,0.5372025940297451,-1.4050047010868945,0.10438264235795591
-5.537790966272327,-1.5566149644852196,-0.3277708995473449,1.2266854053526675,1.26994797173756,-0.07267621157505297,0.08628839401804966
-6.092304399203704,-1.8937087028635042,0.06874675860967272,2.565327962331614,0.9641145612560825,-0.21406849522278726,0.06683031687376029
-6.0963082641062165,-2.2581947319457307,0.013987180194726572,0.3770348772269579,1.0575665372986922,-0.019744205432566747,0.0661939096788764
-6.273079467487612,-2.41510674377525,0.13418649270581623,0.23454615777633223,0.9031221779481654,-0.037343226002918437,0.09483542450281468
-6.051706873508447,-2.091238325449155,0.06053098640809348,0.5575626424608283,0.7404751574089732,-0.36418060832213917,0.06555736374250709
-6.243109152727037,-2.2383073272687675,0.027282981989742286,0.18804934039533217,0.4413482265477619,-0.4109965540965795,0.06219316019737087
-6.358466875535785,-2.4870129228669007,0.004200666767243352,-0.37858483222032757,0.5556948893800598,-0.25317646429654683,0.0455537550764642
-6.468116045062142,-2.1734296134635778,-0.16139863144038094,-0.07837293964331762,0.7000653865166797,0.5111341261510494,0.009274452094264474
-6.859266323112922,-2.491313944579578,0.08410914117673787,0.4800943387767407,0.4119203404736379,0.4857435183334234,0.04173489568270483
-6.635233868829253,-2.11502798733475,0.007487488222585908,0.10159455063585696,0.306207660298943,0.2561813409779405,0.044644443379218135
-6.592017582868604,-1.9486286736841747,-0.03591557356074359,0.12838317562375703,0.042564728765308375,0.08214716539490587,0.0004546558486229202
-7.042742819401098,-2.406997303295071,0.30148885981860357,1.2479938175822525,-0.14106549805811958,0.1931243472214893,0.012184069161520705
-6.929463741684951,-2.240198149386825,0.26148220697848995,0.5052431869369818,-0.26104582469747434,0.07137141890881649,0.0
-7.002004155128753,-2.1668153164883743,0.24014093738592002,0.17398903781857195,-0.4953883110246252,0.1448381615606378,0.041825771355835206
-6.75084461670858,-1.53121015395619,0.07308350640129788,0.465585036295815,-0.5631059149994148,-0.0892529021764051,0.04664481811997101
-6.425957463335632,-1.245043048493923,-0.25471307674863647,-0.12660439177810476,-0.6050429943729664,-0.17511833404406785,0.051918520732729734
-6.317414829830591,-0.7902754033282017,-0.5508547082567532,-0.39138974333349585,-0.5534598295663514,4.6465285659406296e-05,0.07701408066527082
-6.097843198076844,-0.3904692508093649,-0.7330357351149108,-0.10018826133979754,-0.6692490983985149,-0.3847792171730747,0.07628665905577114
-6.072358785652692,-0.2520105022856542,-0.8803486680411172,-0.010650573663418395,-0.8628642450562221,-0.6545934461694628,0.0885615345196793
-5.678400567826518,1.1619231695713994,-1.715109435162051,-0.3835201895860827,0.06056481790044505,1.0872207696791254,0.09929082983294335
-5.496566689422091,1.456237124196179,-1.8077077583323005,-0.07012849069979755,0.008148872060795972,0.867107612613137,0.09265329841580106
-5.514406877703265,1.5457336002316824,-1.8038665250263992,0.18761889525355477,-0.13761606382435612,0.7518894826159246,0.09319882993755435
-5.4782977026457225,1.572077035793232,-1.8524804816777813,-0.40265767406760766,-0.13447732481054248,0.5127359362384922,0.11683940790961045
-5.376481998165619,1.868136411271265,-1.731316774089864,0.5454429293205707,-0.268759448708226,0.06958954276281643,0.1462993587576642
-4.963849101301665,2.488706939237534,-1.8164836499682588,0.672840020532414,-0.18918585726165968,0.15123302021301346,0.15921078015794188
-4.678310614350783,2.722552990592615,-1.8404276174585337,0.036253249038179815,-0.24985621367555366,-0.05591628400119557,0.15311878026255288
-4.741696780696482,2.545383427604333,-1.705873037652246,0.015009546143215821,-0.20708231184652892,-0.10082580412273054,0.17221321597283534
-4.36925229969022,2.9740110953621355,-1.7973874635137528,-0.5386363760217108,-0.03779451825723631,0.0656590980799602,0.19012543548350958
-4.238567744884193,3.1910232046706644,-1.5836296450047898,0.28041700857772256,-0.06476988606589248,-0.06690838837777359,0.16348429540032416
-4.370814510607055,2.692337819781238,-1.3319047217243594,-0.051921440269302066,-0.07072078034307597,0.028219770427543818,0.17521363934247902
-4.319321060165511,2.740208223932656,-1.1216223860285284,-0.04118988988931837,-0.13446734287222686,-0.24377212764099151,0.1855791544802503
-4.240935587763018,2.725990661462871,-0.840815103301435,0.42622186378260773,-0.17306001177182562,-0.4606494044318009,0.2345881968872099
-3.8204148763982877,3.4040873202391535,-0.7212639576259678,1.8133398845945465,-0.05652896887903398,-0.2819405468333814,0.26804875847528375
-3.5508228167337865,3.7932896663767197,-0.5257229409056531,2.6660468738392833,-0.1354570518646737,-0.39985036591163325,0.2428623228696123
-3.35100803044296,3.2998445557599845,-0.4976449435956912,0.2925401584728656,0.13250848991489217,0.010052930712291543,0.2694125872796671
-3.20622993221845,3.5178112537590667,-0.19721551910345494,0.7763605640466015,-0.05930391223516953,-0.268025563300894,0.2445899318494884
-3.188092027316778,3.2187945051694555,0.042283794508529544,-0.11527185446806293,-0.2512778860428976,-0.25099837601519426,0.23504271399434717
-3.2265375351539216,2.923561883747698,0.3459340881337396,-0.6030777980316685,-0.2808911701582879,-0.26390593843325083,0.23631566712560037
-3.3113505946790522,2.736505021304427,0.6400571319481344,-0.609721126417424,-0.2650556180212499,-0.40052765444102323,0.26213864866764114
-3.126733717950963,2.701934908377799,0.8891437043245445,-0.3509894835748587,-0.17827169809634255,-0.5220165088331074,0.2562284001185129
-3.159732508360762,2.5992799788072154,1.0790402051646963,-0.45192945031635756,-0.3978242912864202,-0.6585317784124934,0.2755956015896721
-3.044475477551793,2.302376265367212,1.3528340462878223,-0.15998483891798174,-0.008331196423633084,-0.523943066527979,0.26086569553638794
-3.134038981916542,2.1000043034877462,1.5740147642455498,-0.1272887490052073,-0.29464661523058816,-0.6263589466623802,0.2503182903108703
-3.257917383689064,1.8710714069068033,1.6661448820151854,-0.6523186219097474,-0.4287441429698647,-0.7388768081744462,0.21331149634842794
-3.5864271600271964,1.289777059898115,1.828372918184619,-0.8013343036487023,-0.626355417405949,-0.8375959881055044,0.21722137015680354
-3.579808475317315,1.115709750094611,1.8310846675498615,-1.3144376574860521,-0.6064881667152192,-1.0744713832744064,0.22167663674544658
-3.706213793384225,-0.16118228593466172,2.09889281552336,-1.1083867725464784,0.8673664205271493,-0.25864834454099583,0.19721776149076042
-4.077916763636326,-0.715113128743909,2.190644585151054,-0.7410385823442734,0.856849609704894,-0.3003664793579686,0.2082196838234156
-3.7771180116071803,-0.012898956565495319,1.7004913566442232,-1.2493740484280558,1.3881935474112905,0.6956058678572844,0.20358252714702618
-3.919404434329419,-0.12546006770678553,1.669807849279373,-0.9502417977260799,1.1626014350107639,0.4600009460259023,0.1844880914367435
-4.211995902753435,-0.6644727264647373,1.685519521797048,-0.6526911725356839,1.2625887810802714,0.48771869577927707,0.18994368413724882
-4.239097464732819,-0.7765364746363116,1.532357992150644,-0.8419957878903583,1.3185102180518502,0.28525482952784265,0.23649755721334653
-3.94399231321667,-0.25617296076662166,1.4230324895558457,0.12506336934079926,1.1427457204080533,-0.1859353102445024,0.26195675857989476
-3.6120073495933505,0.13621980542348755,1.3230419873973776,0.8246767659638728,0.8586422927440125,-0.52034822305983,0.2416803841529751
-3.6145739692309093,0.012115020700060737,1.053995937081874,-0.546299350883786,0.7088032367014881,-0.5218822797316828,0.2532278380073836
-3.4662476341288593,0.16213994957932312,0.895520295998197,-1.0832777683414578,0.6221470101460167,-0.7346884904444609,0.232496807731841
-3.651184757953598,-0.052901655355855996,0.9104902473290686,-0.7430760828514505,0.34378840030052726,-0.9298706419808621,0.21349338643617433
-3.8594759660884685,0.5540637500404331,0.5254268085310982,0.0835686231705238,0.7676684636160549,0.29921443033522815,0.2314057446883342
-3.823620544805077,0.6718112735849961,0.5418894151727326,0.6814640897893802,0.6454156352089498,-0.07681090904272375,0.2506819317448774
-3.555111288830505,0.8472492128212263,0.37238313117990895,0.27523174343990287,0.598570822706568,-0.3505477611135106,0.254319039792376
-3.5037976745783657,0.9195255193039947,0.2917593530257575,0.39148868864996494,0.4598266749427816,-0.6332264480130044,0.28032377268067754
-3.1150835116606896,1.8475541334311234,-0.13513251313503527,0.5064374934806624,0.8277977854349303,0.14922473562609748,0.2725950394785428
-3.1747625055883097,1.907176428389522,-0.09814027714817952,1.2838691467753738,0.527292798208596,0.05202909591544896,0.2944171327975922
-2.8697058845263013,2.2142143207696714,-0.2843205713693466,0.4062011763931597,0.5632417307350843,-0.005864317448552453,0.311511193767122
-2.6100921768882968,2.513613850040383,-0.34344877508348576,0.43423524465531715,0.4605179538406633,-0.12507949992283557,0.29832700660596756
-2.5958330123973052,2.4817533656565613,-0.2668604686732358,0.47443984891399954,0.21269233269183466,-0.10211421847170202,0.3083287415682463
-2.46007529021246,2.4891177117153442,-0.1889435424086479,0.11701801277090522,0.21530596671638277,-0.21494409535199258,0.32033099001276333
-2.3595208284387708,2.1831603793416106,-0.061180382009191805,-0.17644207077194338,0.6565545340963629,-0.01905481486462042,0.3024186317606037
-2.394633841194061,1.9340519678419656,0.0475150196396446,-0.6232913072464529,0.4196717665388655,-0.07490919817440851,0.2966902732992218
-2.4686857597023764,1.7709419379554356,0.098529406169117,-1.1013526318754443,0.2960513705751874,-0.21416748399312174,0.325059161103769
-2.2375043804952077,1.9874089184319466,0.18485551590200647,-0.7887922768992425,0.15739058052617821,-0.529396016398868,0.33951630139617617
-1.9340425238537482,2.6096018010913236,-0.034568470764621044,-0.8135227407299405,0.36971261138799083,0.05920061892705677,0.36261134784647875
-1.8104064232628707,2.864167958884773,0.10435208321102495,0.21020328683111522,0.25519389543673043,-0.060307120996337484,0.37415894044237286
-1.5392090743438396,2.934030712957113,0.09855828275390933,-0.29421681366796854,0.40015271910850164,0.07402976561141787,0.3692490180051069
-1.3998747569363692,2.9757082761757796,0.10817026946804548,-0.9505724368399394,0.2713953039993974,0.13421307215408027,0.35224583270870746
-1.6462353529496108,2.603134266237291,0.2651349292278376,-0.690309147954525,0.13411318202118316,0.042013167621765754,0.36042922175946535
-1.5785238687355434,2.4116351252936274,0.32999169155855607,-1.070021689322592,0.3177840494276042,-0.031061324321256387,0.3365157392850471
-1.8358271987215289,1.9739135184281587,0.4261688378860863,-1.0248986354785152,0.10726360319526883,-0.18174442813653824,0.3253319268646455
-2.0005672516941493,1.1576623990607762,0.6380938955339062,-0.9357092713970994,0.6198179896371271,0.08934737320406978,0.31896716120838
-2.136848040572252,0.9138175423225073,0.7016506332020711,-0.8649923385253787,0.47398444656431676,-0.1339522826906362,0.3686124720687374
-1.9010337097381125,1.3427167881421562,0.7486153659394659,0.08748866463362912,0.325653195309999,-0.5884290131001034,0.36543015861134753
-1.7203414733415432,1.324477655063674,0.5954751355321781,-0.9149843198616757,0.19251765458453873,-0.6716349793561056,0.36561190995760806
-1.6149101825459813,1.328424117852419,0.5302886313803465,-1.4786487080571025,0.07877903208832626,-0.832512573503787,0.37688673679262563
-1.392869921132908,2.167833963296371,0.251087824734144,-0.794540930475458,0.39760549931664724,0.10095538437865764,0.3874341420181433
-1.263235670480225,2.2926053404182296,0.2339921412156292,-0.9115931655548785,0.4071381038014288,0.10547117723765227,0.37852333135788574
-1.4732611121876158,1.4231521563001182,0.5219333581294714,-0.4175281016620374,1.088674711763941,0.6431120290138772,0.3637025496314712
-1.6732550943685378,1.1694366230815525,0.6384798166443617,-0.18128241052082425,0.8049633256603994,0.4937190040906351,0.3665212216548541
-1.536982349482754,1.1093421753699135,0.5488978791445354,-1.229431100464411,0.8024307553642925,0.35037482394021274,0.35233684712332347
-1.7078289464075698,0.8443017475833982,0.684481818242828,-0.8575100039195519,0.5140533570665684,0.17955059314106314,0.35224583270870746
-1.779168802760223,0.7503546675612698,0.67675038299298,-1.1281979357055316,0.38527268508276297,-0.011927608850263154,0.3945263292839085
-1.4708214898886347,1.688992831911732,0.5060822998801264,0.06114618020197632,0.5544322660317644,0.3527422915794177,0.406073783138317
-1.1850389109696173,1.9616300827732729,0.36316378268313393,-0.40621910940440736,0.46744851107826946,0.3078916040992819,0.40525548585568694
-1.1217716957951447,2.101206821897182,0.3166503200739988,-0.5705360217573745,0.2823398521313152,0.29813596354636984,0.3957082680005457
-1.1607606067965779,1.9620852085796567,0.31391108471549206,-0.8638858730858666,0.058908509068439564,0.1774035318986684,0.38579740871139734
-1.350146326244967,1.8650441704829708,0.44416671818734715,0.021601236905200095,-0.05838472664681352,0.30814662942290366,0.3707037224826206
-1.8443590717148555,0.8065377126758723,0.7234130000895144,0.858288130103369,0.6589743789257353,0.7747421729730072,0.4414439825354992
-1.2713044898323997,1.6618128776640992,0.6681867045875619,1.970133790841197,0.6453760884457698,0.5207689752198044,0.4408074365991297
-0.9538539287498411,1.7501949801841452,0.35946374160404765,-0.15708901919109775,0.6186095856031717,0.5472229949521684,0.4250773431754693
-0.962500263690958,1.5700393586689247,0.32566143814234866,-0.8456763332748507,0.4170082154241861,0.4856492551864303,0.4413529681208832
-0.8910870427467239,1.725036027023541,0.4174400442699769,-0.3645141415954226,0.23188204186612818,0.18064096685157846,0.4430805771007593
-0.7178174176002675,2.070337396954309,0.27767272393270653,-0.5824846270867715,0.3409449067893506,0.529331696758713,0.4323514205289809
-0.7782016630744452,1.880808516680325,0.3044232112354699,-0.9026528657544814,0.15747032746276174,0.3949495153343303,0.42780513952572186
-0.7536215971916922,1.7370484604251457,0.30216096217547284,-1.5686852356583594,0.05228837478355243,0.26482057516022267,0.42780513952572186
-0.8065813883096584,1.6668439280140432,0.41128785353903036,-1.2658466438519953,-0.1326838864320814,0.01735863218290941,0.4334424835724877
-0.9678137986702917,1.1620343308644798,0.6410355099502365,-0.17728510169629436,0.33586452550738255,0.10939857875977416,0.4549009354575302
-0.712010829967817,1.7613497887420768,0.45037182790495855,0.2668133579865729,0.5037606714730584,0.4518736099372201,0.4559011228279066
-0.4899797662298874,1.8578735823518646,0.3556757286631379,-0.22648888254011265,0.44654958660417976,0.41483316953063826,0.44717220225539545
-0.5323262040531459,1.6719272550136077,0.25400232768937764,-1.031592675354303,0.3177995490105805,0.32005841766166593,0.4231678441078468
-0.8340365278367344,1.2051673780613859,0.31288345762595193,-0.6628285891419824,0.04307145591867564,0.14703245901788856,0.425713750370353
-0.8219790635538641,1.0969632788514498,0.22508340519674572,-1.0730331027478408,0.041476208340379406,-0.11484376245105044,0.43617027992274027
-0.8935362560386432,0.39128364888051803,0.4351135077200735,-0.1826624423076639,0.8851258347682884,0.20908013337313694,0.4583560146757968
-0.6803168274144857,0.6301211903189381,0.34068783202707137,-0.2508877737092503,0.8009442094779572,-0.0961222029762631,0.475359199972196
-0.3284928070910741,1.3354624753776225,0.04957851556177713,-0.07819458484465844,0.9877911917429607,0.4527108796239352,0.4749045441235731
-0.5445510953818665,1.4920066826613867,0.21517278483568755,1.6361061848919038,0.5766394009768401,0.2699614977328331,0.5007273869241282
-0.17224890988667552,1.8632705819460273,-0.00544700295150992,0.54652136642597,0.6196956460154375,0.23745929286461623,0.5085469957993933
0.09130122272379321,2.095828318339224,-0.0705053765794936,0.2334802153924163,0.5149619022548045,0.19022034602914195,0.4960902302477388
-0.21647188316172306,2.0367505546843856,0.2784077870221021,2.2246560138380294,-0.022303872311117776,0.08319942772993358,0.49272602670260235
-0.10728972194997752,1.943013184193577,0.17694441984267342,0.24610260221709593,-0.04621423713426794,0.1348320646087616,0.48008737106320165
-0.19764826138030056,1.6840875624836087,0.3444853357888288,0.020682567787109425,-0.3224835971010578,0.07475232156398813,0.5050919165811267
-0.02091621107996772,1.4822019357139913,0.46296668852686484,-0.4984011199370939,0.18153976773186256,0.2597233257986517,0.5086380102140093
0.1620674475174144,1.5345342828146866,0.5627908174329205,-0.6175598409638443,-0.011047919781533494,0.08323354127427413,0.5343698385999485
0.33546652395663734,1.8220387338628021,0.6638222715805967,-0.3195662649528787,-0.21712517188793173,-0.18132352981412092,0.5300054476844358
0.3565004532088429,1.8034177989057185,0.7765779494716049,-0.33099126778209437,-0.5127045473859012,-0.3006375685152647,0.5358246818189478
0.43793364142624913,1.876750889003646,0.8939384943652473,-0.24270279858840033,-0.6995478420138124,-0.51589611837773,0.5545553373537377
0.7134114932832396,2.627951701743116,0.722076345749391,0.29169934100875944,-0.31313401271714303,0.3764340165428174,0.5446444780645894
0.5135369237317033,2.4834572924172886,1.007251641384719,1.586597680731417,-0.6210250846858429,0.39004126277643014,0.5454627753472194
0.7916472499459273,2.3616143642368566,0.915294923276863,-0.5820974803635277,-0.4434896793133683,0.4909642808315459,0.535915696233564
0.6716369360317612,2.0352698893407304,1.0233223935453288,-0.6445630759777461,-0.5512638025938524,0.42589122151411885,0.5635570236871257
0.8877309090942019,2.4178412860665603,0.9638356902798656,-0.48065110905035163,-0.3538954361441147,0.6010630591624717,0.5606473372491267
0.8573759954728881,2.107762853177735,1.0790980309119855,-0.2829176505255804,-0.09485729742826611,0.8647418654294825,0.5478269302634651
0.8335933603067797,1.914989446642947,1.1160211063150494,-0.6334568849781055,-0.2732244526270337,0.9260460729074445,0.5731951172153973
0.9946931833265719,2.212021586293945,1.1341525095937857,-0.4841149814056022,-0.33440204841925336,0.7703658080618999,0.5840152882017915
1.1854874766119914,2.413061435969028,1.1423427368810306,-0.461713331392003,-0.45146715358119527,0.6815179502736048,0.5871067259860512
1.3337473499275456,2.4537062902496776,1.1479638555734735,-0.7540082430917516,-0.4328889004062747,0.7227529605294002,0.6269321919718764
1.4954501796743673,2.854147832357571,1.3702144659825113,1.1356394273586987,-0.6335382237273769,0.49250772801460324,0.6132024732889687
1.8382908060995367,2.5697254135620518,1.1172894102747712,-1.8709027360479877,-0.5190331186682682,0.7796972831505964,0.6029278338243278
1.5394394246872587,2.2284720995007654,1.4222387094612816,-0.6905450612374113,-0.6775994903896125,0.6925289798005411,0.6072922247398405
1.5582291665024308,2.1941222950429378,1.4469067162389815,-0.8688454346576518,-0.7515148863184542,0.445885158636596,0.5970175852751995
1.446359686654898,1.6023530945141227,1.6207473083584427,-0.7056708106865144,-0.5332249697081239,0.5838391881043306,0.5781960540672795
1.07980828192411,1.1671383895385903,1.7080131565404542,-0.058031194845635,-0.7751636167453702,0.3368505850487631,0.5733770073031437
1.073992538158911,0.9036874050213058,1.5787380035098626,-0.8757417262714743,-0.7741995219580138,0.15149636036460243,0.5887434592927971
1.1287204546798713,0.9671860019303427,1.6259700769394168,-0.10923978483219285,-0.9046415496360758,-0.24606308600122545,0.5957446321439464
1.341162484793397,0.8824416893116294,1.4160252430315534,-1.2621421699801518,-0.7648441106898191,-0.33870900532671694,0.5971085996898156
1.3506014778423865,0.7730487553984561,1.3533169638962588,-1.2509269909412588,-0.7781603473965628,-0.5223386801951179,0.6271140820596228
1.5477151608447117,1.0108687287130833,1.3423019163398093,-0.619797733038581,-0.8449626557757096,-0.8157994707829883,0.6247499271433772
1.5676246276181665,0.9280266387036606,1.2848138827882476,-0.7464118017017923,-0.9621241010175077,-0.9076462442988411,0.6372068314365174
1.6124676238539055,1.3075247488978563,1.1792052434717384,1.2414896359318637,0.4137848123227313,1.0197666816807531,0.6192944731843577
1.601066590128953,1.0042597345588937,1.1367013772223422,0.2693498881762009,0.18183511393284138,1.043940104742795,0.6084743021979633
1.3743445106952525,0.7771459572611458,1.2645374874050341,0.7556422231269696,-0.11884658866751147,0.8570070567913236,0.6158392552246053
1.610884407407363,0.773690880614198,1.1122319866304038,-0.6739738059023018,-0.07590074563653104,0.7404811215838539,0.6237497397730007
1.753033300449716,0.8196738951453483,1.0279597253416168,-1.3032263059436904,-0.14236500708175925,0.5524494082559482,0.6317512387360122
1.7657780851144462,0.9126697420923394,1.1134614730347208,-0.6116628716333623,-0.38011811615861935,0.251139756911418,0.6201127704669878
1.7126791728635375,0.7061287029268308,1.1796188668460317,-0.6697788872387488,-0.6736654662366283,0.14934832297326459,0.6438443628536596
1.8658838210060282,0.9666442990031074,1.18205329793425,-0.640501588879147,-0.7976573056870447,-0.13009462561518415,0.6494817069004255
2.0566048630705605,1.053510274428633,1.0963496012100191,-1.3226300156270858,-0.910472837966539,-0.28115664548734676,0.6418439881129068
2.040232995096193,0.8473861248343116,1.1257240120979932,-1.6417525228578138,-1.033198440444327,-0.30705612465468346,0.6142935363324755
1.586231517460835,0.17051953846416973,1.2742728180231306,-0.5936606417424735,-1.1734993719661764,-0.37590217613991866,0.6014729906053282
1.2761312952511885,-0.15817749463430794,1.2948625422619948,-0.09431251336556593,-1.3623842069280776,-0.6486285090695875,0.5180033379814042
0.04849264110587978,-2.4577925239326897,2.1307978150084157,2.031393163933808,-0.2806257638830007,0.4091032662253777,0.4894526988305965
-0.32513656469008667,-3.071933205755156,2.3772436025351458,1.3646467717879165,-0.3058025375841654,0.4656921799524472,0.49809060498849167
-0.2441912606649376,-3.188646361123302,2.347949169192553,0.17291980006077023,-0.29716576253674964,0.3692546879056009,0.4834515746083379
-0.286307231943803,-3.114342941327047,2.1285273176521438,-0.0927383262371869,0.0656341554250454,1.2515171199230182,0.481451199867585
-0.3541416297449383,-3.1964798866024404,2.0419425732306458,-0.44609162212269887,-0.1689327202402469,1.143305163448582,0.47981446656083926
-0.4988941465080195,-3.3740803195348783,1.9784810622258064,-0.5893412956113864,-0.22971214319044816,1.1848918161092419,0.494999167204232
-0.3147536571406497,-3.1089929715309417,1.7118245137672627,-1.1076001629760783,-0.35666832288427924,0.9774834939656285,0.47672302877657957
-0.439072938344476,-3.1813723539810104,1.5725043295959271,-1.1472636614005167,-0.68014731821109,0.8612718550960684,0.4687216685550537
-0.6374085359882017,-3.4375604714358987,1.5498719339656695,-0.8777398165592505,-0.6685198831629827,0.9308850942265141,0.44535371760238895
-0.9605374871984306,-3.4012756381064655,1.575059815579159,0.15431441309243396,-0.8228203685457108,1.237569611124838,0.4498091229325176
-1.0255368782804688,-3.360011917431025,1.5354791775051435,-0.1041596389619256,-0.9099808532315558,1.1619107124506096,0.4620839983964258
-0.7730761601167345,-3.0934139554044733,1.3000750289582437,-0.9328556779392007,-1.005010636179105,0.9913086997513937,0.4747226540358267
-0.5614205077447133,-2.7086306894878214,1.0105724675371492,-1.1806534461367977,-1.0767616908854494,0.8651774067055736,0.5100927146915231
-0.3139801762584151,-2.017524352569162,0.6603911471183261,-0.4068964506084908,-1.1193445912511903,0.48135553381435475,0.4669940595751776
-0.5623498694895566,-2.209149279417793,0.502409806270165,-0.3141622923248522,-1.3658006459089151,0.4794525285253734,0.48727043400209724
-0.46076686863353716,-1.8433754601484398,0.2670612538866785,-0.5012790941832211,-1.3426747993469454,0.28908749997830385,0.5016366986213743
-0.032655744019317534,-0.6578643341414163,-0.5064959474182767,-0.7500713805909291,-0.6369102142975209,1.6033410087576696,0.5373704007110778
0.24496853671740043,0.15082891887553795,-0.8920353455003219,-0.048105215224850735,-0.4913261424265669,1.664301639681155,0.5694671334947681
0.612593417035984,0.709604034568698,-1.1330990647718235,0.4564501126519961,-0.5814831628134377,1.3835318850696277,0.571467508235521
0.8136653925320839,0.9903782232773921,-1.2943808354566102,0.48827796925540484,-0.6614155267651789,1.2283289572623266,0.5859247872694142
1.1224317856148667,1.30877933660554,-1.5095487436628634,-0.3413211646188748,-0.6033112679807904,1.1309257048771497,0.5881069133564276
1.197525699752986,1.4943978556952013,-1.5654959852726071,-0.3814593248592699,-0.6228546830704145,0.9751290688242481,0.5263684783784226
0.5217857818538776,0.7983615375403409,-1.188069133542645,1.2502076962916655,-1.0241230187516168,0.7111031324011678,0.477723216146956
-0.3195209332987155,0.20210316692123015,-0.6832848409641986,1.9708603554934667,-1.2710731874970613,0.5487677800257478,0.48336056019372187
0.012723036547426021,-0.02097378062931797,-0.6768608904591819,0.2677044894331923,-1.0752470056013945,0.410665980360703,0.4940898555069859
-0.04535976661953104,-1.1558847595272352,-0.3491386588047932,0.27375865112344094,0.3452589856380208,1.1487473456927906,0.4662666379656779
-0.45420391224300777,-1.4632970806203265,-0.016057387727599695,1.4427397979561651,-0.011557978142237036,0.9077446523500712,0.44726321667001145
-0.6823013827389103,-1.7351143760005292,0.13035701045214276,1.1152533492762329,-0.18245633799655628,0.7976386304938663,0.46117482544066535
-0.5410710788852879,-1.6736716650174395,0.06664689529610875,0.07983954328899293,-0.17389079890948986,0.6416013669120666,0.4545371552820374
-0.8367535314495078,-1.722058356998892,0.3140347736641742,1.7793397274132083,-0.6233885203634751,0.32323608922696156,0.481451199867585
-0.42945184003937015,-1.444421580296875,-0.018263813133573656,0.3407508422049831,-0.5286302495633975,0.11631384982067915,0.4914530735713494
-0.22199880823940746,-1.2661130181590912,-0.2824017724973128,-0.43743170579400986,-0.5799340727444968,-0.09506540598156384,0.45890168493903594
-0.4648715441178515,-1.4909015125176512,-0.23520769780826833,-0.14558065441316365,-0.8842378130385956,-0.25464778742885824,0.44471717166601943
-0.7460861513564022,-1.615022964864609,-0.14908373506869907,-0.009493931118094937,-1.1200500684444044,-0.4277542857740278,0.45253678054128454
-0.6553910165194368,-1.5458809905056565,-0.20601472791871547,-0.36429126193276024,-1.198704284461566,-0.6587918808437825,0.46426626322492504
-0.5179403354562643,-1.3845163951841766,-0.35178064905323847,-1.0048369192174784,-1.2564443835934185,-0.8703247290096467,0.4268049521553454
-1.0812686560835345,-2.6732245642213313,0.10591676937967798,0.306564373429338,-0.16942371703143919,0.08057539520931352,0.41289320464320567
-1.285678021056755,-2.6578581201313645,0.16180840982541986,0.39485935074203654,-0.1266215204152659,0.4340472365672678,0.4152573595594513
-1.2876635954918632,-2.726235071373211,0.22214319283037454,-0.16794190342132137,-0.13795263467041777,0.38132736818408985,0.41998553065045674
-1.144233567077169,-2.648262016795518,0.2112225849997546,-0.44902070871268424,-0.2877435893959853,0.1899708583066951,0.4430805771007593
-0.976308118848216,-2.222070196252367,0.0719417795533356,-0.4107743491364204,-0.34326504577246236,0.017909686484543448,0.43080556289536553
-0.9519487232346784,-1.7641175784956424,-0.2319480751117199,-0.4981658105766479,-0.21646967763456654,0.6809448517142356,0.44226227981812927
-0.8969780117846374,-1.5538241427256163,-0.28467601401818415,-0.31468240249027307,-0.3661380351553302,0.38471242832143127,0.453627982326277
-0.7058838400491959,-1.3430022017375853,-0.4473671636846665,-0.5753773846693966,-0.4503385179014997,0.10544123987349907,0.47708680895207234
-0.5723016576967749,-0.9875097310757958,-0.6159071985865894,-0.051158588859795455,-0.548848921848099,-0.32883559940811646,0.4907256519618495
-0.2658007353298372,-0.7446737037551874,-0.9365488634051313,-0.9244034884796142,-0.5306225028446787,-0.5928144441656692,0.48527005926134437
-0.061211317958494875,0.39370363952342513,-1.6003354410783388,-0.6071173398908517,0.15277556469779963,1.0331292087296888,0.49809060498849167
0.021416145764714265,0.6630362877255372,-1.7101564721275582,-0.3472752651274073,0.13737586779390148,0.8023913855503662,0.5063648697123797
0.1335963648457236,0.9007781627362257,-1.7035825171597079,0.18679635742925382,0.044112420387580925,0.590716227746648,0.4894526988305965
0.05825937207286342,0.7029878323869365,-1.699204822495959,-0.17184043172231248,-0.10389137633162783,0.4317181984795711,0.4882706213724737
-0.10785086342893403,0.642865775675322,-1.6789331072423574,-0.18121942261673163,-0.19090556773020784,0.15986368807106702,0.473995232426327
-0.2962905413314476,0.4065894988829041,-1.5610349725560282,0.008935850617663164,-0.37015792338240827,-0.059648564737935936,0.4620839983964258
-0.4143259744903204,0.16572514437935282,-1.481592810684042,-0.22893046162208358,-0.4886098274931105,-0.2435622454680171,0.4586289191781592
-0.5264596296307129,-0.061572592856991785,-1.3645196422659633,-0.032390623701552226,-0.5255719626014551,-0.4168398169544088,0.43517009255236383
-0.8379474748996378,-0.5748322634166063,-1.121168726970436,0.14625136364193023,-0.5540095655657592,-0.39339380218882236,0.43626115559587064
-1.0648975124562665,-1.817030854586013,-0.7124417947919889,0.0541371896931514,0.8886521609764912,0.5297042382736792,0.4402619050773764
-0.8962867505963591,-1.803059401387953,-0.6929500987350954,-0.7389854182950656,0.814399821514416,0.3958475326483703,0.4189853432800803
-1.1858748710605378,-2.0453585337465383,-0.43158752604003847,-0.03981703981745875,0.4328346795654312,0.24876238032746759,0.380705596186385
-1.6602213117641669,-2.6967945006066776,0.02375961993253217,0.5338035580596014,0.35248284341643477,0.4312616823589422,0.3927987203040324
-1.5773516861158143,-2.5807408035164534,0.13763062260082354,-0.11567763685669583,0.25905439649322737,0.29932407411207934,0.4116202515119525
-1.3294907872015018,-2.3076342181517164,0.07720623429374797,-0.5327011548212357,0.1702906220324733,0.06858639607231933,0.415984781168951
-1.242864324026564,-2.1644510173053293,0.01147479165249344,-0.9577754935626133,-0.006189448714746469,-0.08424768765702907,0.4450809518415122
-1.0515604045807347,-1.691431834195364,-0.09398378717641584,-0.20447795347542283,-0.16765088894816363,-0.517412304762517,0.477814230561572
-0.7583643935259774,-1.1020371280618877,-0.33406289627631663,0.8077144854059914,-0.27546106603967324,-0.8813751126183371,0.46944895142306775
-0.8677847049708998,-0.961440160388178,-0.5360157533301707,0.9052612681065547,-0.4639594266414829,-0.9626370413138671,0.4929077780488631
-0.29547657387932263,0.5547668914151805,-1.4253153274250907,0.5318596859298755,0.4625499885001952,0.7551806637324183,0.5164576190892745
-0.01873935296349365,0.9932632749441889,-1.564176025517559,0.8833923826385688,0.3831631815806238,0.5271807056252946,0.5261865882906764
0.33871564075176597,1.2771969203010753,-1.8045224194274836,-0.16217164060189931,0.4296083156854837,0.4785051397694478,0.5218221973751636
0.32565518060618764,1.384996752284091,-1.7805898058207885,0.07844395873763663,0.2712818750463691,0.37963042535981006,0.5581014309866204
0.5795157670381884,1.8570874113861977,-1.7353263286959124,0.7304919253013485,0.18271215623602405,0.12449971765951978,0.5435534150210828
0.7072859079519938,1.7183848846931833,-1.7764990235654337,-0.5727822802206493,0.09630499171000989,0.08985964391536093,0.5675577731686314
0.873449699682622,2.1136094220207204,-1.6234686685592852,0.40431173274444304,0.01444623230734681,-0.015423169876142404,0.5727404613667741
1.0712986446329593,2.2746293305305096,-1.5462034781016936,0.043927339492083585,-0.020667629439960606,-0.07757836342339794,0.5881979277710436
1.2704267907419142,2.4216427202247965,-1.3972005981751716,0.09030181783022788,0.021665034798192824,-0.11348370664599652,0.5880160376832972
1.2895478199280834,2.263172939101157,-1.1872305081891268,-0.11274783495325269,0.08415796983408239,-0.1259468535032841,0.6040188968678346
1.5258610932624466,2.5458635865780863,-1.1151414152450794,-0.39588041773493504,0.1156544890449725,-0.06711054506970432,0.5966539438411924
1.5741975443907459,2.326915433662934,-0.9439306440013724,-1.0393491902027936,0.08754569644133613,-0.07996936897676582,0.6027459437365814
1.6725824460143643,2.327809922808596,-0.734736849233076,-0.8994347775165453,0.28591917316368154,0.12422877330238967,0.5905619439458036
1.7380619695420012,2.0403355505433165,-0.7144747057876043,-2.4956274391905136,0.27138302804702036,0.12458636029372605,0.5889252106390577
1.4810748785872312,1.8399046004806534,-0.30914152574020765,-0.9845434609106649,0.06811873537572909,-0.14361371435082323,0.5944716790126934
1.5525024177796698,1.7105792840215146,-0.15353412183864856,-1.185227656674009,0.09747357255921982,-0.2861325713463871,0.5851063512452983
1.4370961929283472,1.3898344199721056,0.08912961239445608,-0.8990222135699731,-0.050474626934989435,-0.37252362393606475,0.5903800538580573
1.3826257105954687,1.2755307530917075,0.26871351022688855,-0.5645083840857862,-0.0834673827169446,-0.566549836326199,0.6021095365416977
1.5232743751608648,1.2572592829101807,0.3439155961197129,-0.7751040460795914,-0.07516608798425158,-0.7132425637018432,0.5856518827670518
1.3516582866937001,0.8288748033170161,0.39781471006497565,-0.9807938815053391,-0.1887843990425245,-0.7441883658232402,0.6219312551199943
1.6109537213370735,1.7297649298385098,0.2666343147968306,0.47524396783452133,0.17758416179088318,-0.02427816078702611,0.6119295201577157
1.6600826322714834,0.5581164980567656,0.37416270854348116,-0.6126515868305635,1.5447011299176598,1.1191672023342163,0.629659988322129
1.7610841417915313,0.8200990394755278,0.4175309723910595,-0.18959648171556848,1.4085056418962651,0.9696919124878703,0.6427532998101531
1.8723892627521905,1.0657070355327063,0.4485820024105093,0.15530324650956195,1.253877677064074,0.8471531066603394,0.619748990291495
1.5882412660715421,0.710347004382074,0.5358221124615599,0.4699234457333339,0.9234977014772073,0.7189137853877622,0.6336607378036347
1.7621822343433975,0.7864474955815413,0.5064112742606967,-0.0010961068288719096,0.8705967427954899,0.4932998254719695,0.6632115643248189
2.002838100982605,1.315075604939578,0.4884919923965515,0.9260115485696018,0.8211313660707772,0.5356026890452107,0.6645753931292024
2.1916502194024243,1.4629184737151653,0.4802399436988555,0.759383484485803,0.7005475197099783,0.4886025111751654,0.6596654706919363
1.863997981913233,1.4278538364091165,0.816197275705825,2.6543668411789207,0.18814498148514272,0.18868434113655075,0.6443898943754132
1.9946981432624284,1.0967541012793272,0.5558543782388041,0.07511192385493282,0.2486487186180747,0.2894758815571358,0.6539371122305544
2.209677667985509,1.0944845778000356,0.46635584788222884,-0.9114214778452701,0.26099703155592957,0.11489143506473679,0.6347518008471416
1.9704096416723027,0.7311762529366425,0.6067462933300676,-0.24064362210586396,-0.04993523938948684,-0.09054896432600691,0.6333878333012724
1.9304172239727213,0.5752289331779243,0.5493433252741676,-0.653426163560988,-0.12518679853001496,-0.29673608635362825,0.62356798842674
1.8775620428949835,0.3004814132434326,0.44225975737425394,-1.399343949696035,-0.2001971022227089,-0.4347926192168382,0.618567051574858
1.85129399286968,0.011139217749869897,0.3327049284062319,-2.18377093961355,-0.140674367652867,-0.5090635965831686,0.6194762245306185
1.4220088009296108,-1.3300577139287901,0.7284694758358021,-0.2592960365187089,1.2649051484643594,0.20021326153626218,0.6233860983389938
1.6358683866851236,-1.367124860086957,0.49209026171207654,-1.3185180636584963,1.2836498618877223,0.015477893109220379,0.6138388804838524
1.4218842901489541,-1.5707927561176263,0.4727110629365092,-0.6944377662314644,1.01621886486918,-0.24516524204276652,0.5511911338086015
0.4551401359817303,-2.6292574016687214,1.0176106044822546,1.1792251802119642,0.690825208118831,-0.08389757025008471,0.5385524781692006
0.3472844424200253,-3.0216898178385367,1.09097171620296,0.0508569423936153,0.6852366740594329,-0.002144792361079119,0.5172759163719045
-0.033180837155419134,-3.41020730653742,1.3756947404265243,0.5773742337305985,0.426271590133016,-0.027193969929045155,0.5106382462132766
-0.12608811176914253,-3.649633592644021,1.4536367721434102,0.08603382682474628,0.2895869897556301,0.009582240664164882,0.5504637121991016
0.19222211444671827,-3.021605435921464,1.2286816186253449,-0.03148758128421914,0.30941017058798886,-0.21007423189022653,0.5466448528053423
0.3423572696411255,-2.7371384973668165,0.8222939413399123,-0.9589051350135189,0.2926750221377816,0.13735581372368638,0.5561920706604835
0.4168943724180864,-2.5174141621313835,0.6497091268754114,-0.6869387006266786,0.06812171082902935,-0.13946539069044742,0.5507364779599784
0.3701543273386947,-2.4869127133404643,0.48264352878138556,-0.5502004926412816,-0.21648149320260826,-0.33651304068826476,0.5537370400711077
0.5033327778391693,-2.3010500740433324,0.20084614524525898,-1.1278506069870222,-0.2751149691908556,-0.3856303357033876,0.5329151341224347
0.054591602237027546,-2.351551768114558,0.3401169311374017,0.2596925013357327,-0.7066107420429735,-0.46352000577103447,0.5242770892230537
0.10557222426417578,-2.1948004879637577,0.11354075981872334,-0.7323029429867787,-0.6845239702317729,-0.09067434342779569,0.5783779441550256
0.45832371721085335,-1.459210356366936,-0.016747477200913283,0.8543076321457387,-0.798140155112598,-0.7487551433976665,0.605019084238211
0.8262626776935071,-1.0255850113566178,-0.3762914972771893,0.5387531347119268,-0.881131974979094,-1.06756190466037,0.6262047703623768
1.4042969044312734,0.5533007349979286,-1.2648567903038634,0.4482085383461981,-0.09232564946129743,0.6889275539359363,0.6379341143045314
1.7465864587024795,0.901172609983925,-1.5946480577909021,-0.5642517767090653,-0.08806283619757788,0.6491482068135523,0.6317512387360122
1.6780591900416562,1.0300859322980482,-1.582464562990613,0.13642379402825158,-0.3353365246729142,0.5233100313273142,0.6287506766248829
1.6369818353188648,1.0272201132269274,-1.5720933321555481,0.16081043798573072,-0.5034862170161903,0.28992955130905906,0.6128386931134759
1.5745538993354957,0.7805485286059795,-1.5973271611699909,-0.5346513960808308,-0.5963447760390405,0.16057690627182178,0.6065648031303408
1.3111552755524258,0.017548338554150916,-1.4063440815795452,-0.23677988772455544,0.06790992723191429,0.42767783454144376,0.5730132271276509
0.9732828826054569,-0.4902013242662756,-1.1862495088775993,0.1512518251975398,-0.17480149124998304,0.25528898652715154,0.539916306973584
0.5978342013342134,-0.9938075777191068,-0.9290007257459147,-0.032211389293428684,-0.34641573843225193,0.1585105243578718,0.5622840705558725
0.6102083325267809,-0.8795020923794804,-0.7622285585724708,0.36940044005569656,-0.4216338170099158,-0.18636910597184628,0.553100632876224
0.06366793181844009,-2.0030594070675933,-0.19248185240247892,2.0052640652930815,0.47505682762330137,0.4956011652958382,0.5697398992556448
0.5346727457707986,-1.8679323807151644,-0.3286805817046938,0.8411033133502704,0.4892333882238401,0.3285104695543151,0.5844699440504146
0.8211765272727624,-1.684239055013348,-0.5504885932496676,-0.5913333423386229,0.5000814161046386,0.20845044210519828,0.5854701314207911
0.879182575139885,-1.6152378932279083,-0.5393342138403995,0.013374415270502326,0.26565643485986334,-0.093106263009651,0.5755592721316427
0.8600311050691833,-1.7015828709180931,-0.6387003581626186,-0.8410877965075321,0.12668654094979875,-0.17961728899797497,0.5803783188957785
0.8752995761910595,-1.6261403352442574,-0.6190708641155241,-0.5848102295947238,-0.04142348676016585,-0.45529412141885767,0.564920852491509
0.7565835850925394,-1.7969157575558286,-0.5948824749714928,-0.8902046895187783,-0.2557390178178162,-0.5695303240050338,0.5457355411080962
0.38775841143187056,-2.008732266564293,-0.3297590219507923,-0.09052637963174842,-0.6229819394393733,-0.7444206836258738,0.5376431664719545
0.2907250785460555,-2.05668674660606,-0.23559767330932146,-0.2619512344963088,-0.7899162610964906,-0.7227490243045621,0.5350063845363178
0.11606310837936405,-2.0192336439637715,-0.0831070073004162,0.21713052344341766,-1.0397832632694206,-0.7655852110474602,0.5209128856779175
0.11988750172806653,-2.1172085050856166,-0.10779228656643752,-0.6690790517656525,-1.1532347710506987,-0.6583098643093231,0.5140934641730288
-0.05412386592064713,-2.1155745845932383,0.003275954626778157,-0.5082667088100233,-1.3819095944630875,-0.6549583890716744,0.5210039000925335
0.19450408496136917,-1.5341248189699253,-0.290351650820328,-1.2182375057947021,-1.1043451283046894,0.019457604041911672,0.5396435412127072
0.3090542050460011,-1.2028303035896997,-0.29389697446524143,-0.5253036870630381,-1.2853271315861197,-0.35767470064211954,0.52282238474554
0.2661015452581783,-1.3330950856234476,-0.37490365234789336,-1.0139897526475408,-1.51267027323889,-0.44916380962462765,0.5104564948670158
-0.018615144553720278,-2.3673578486932447,-0.14273131295326064,-1.056435220650727,-0.5255892888387905,0.2874602485979002,0.5238225721159164
-0.11290976401489766,-2.5566290021672784,0.01925859127027015,-0.0790083141763704,-0.1729394120472476,0.29742101793414366,0.5128205110417756
-0.15479317191437109,-2.640939542106474,-0.03979323815738474,-0.437730723370793,-0.3779933001966119,0.16412018577834941,0.5067285111463868
-0.6981254639856151,-2.6525624565494113,0.3145997060186797,2.678957744671207,-0.6493885268091365,0.14744416336072314,0.4968176518572385
-0.6552571581980577,-2.8451643260794457,0.1659790881763246,0.7741978141180487,-0.5874758339827483,0.2738984171826213,0.4553555913061531
-1.0998987857712872,-3.23760475530367,0.4186056212527443,0.9884550460720999,-0.7808568215527871,0.4495261484150252,0.41007453261982274
-1.6440673661046696,-3.6544405662122843,0.8116476460231549,1.316042485900628,-0.9604343581621029,0.6224875735787062,0.40098197061330465
-1.6785080501904386,-3.843092866859112,0.9294431714360385,0.26877288199822086,-0.9410120433385376,0.8491193661236016,0.39989090756979784
-1.7508757972150524,-3.4908317850331576,0.880679088761045,0.4526127817519431,-0.7743044385421126,1.6344926552304821,0.4156210009934582
-1.636469926024918,-3.2142304513212308,0.8466838240325587,0.6131457274817377,-0.9137640850749673,1.3364857659816358,0.433988015094241
-1.3252243874313498,-2.84634841472861,0.5991971043890171,-0.07439777360766744,-0.9747089037250157,1.1019615514004253,0.4383524060097539
-1.2820217579319728,-2.621207778322219,0.4607653441777304,-0.09754830528043756,-1.1891486131805495,0.8808653139931599,0.41925810904095706
-1.3774951496586563,-2.667465210522017,0.3650242370081477,-0.5352514224382787,-1.4407823650405276,0.7904374044837097,0.43626115559587064
-1.347491173207809,-2.3125432568304567,0.3623991700098493,0.45285105141123966,-1.6494184287284772,0.3759781429625099,0.4328059376361182
-1.6627358913915766,-2.0364840690309234,0.4040945123991139,1.9881627011868417,-1.9819304241010893,0.3399201700679976,0.44280781133988256
-1.238331789036795,-1.8455178059230812,0.00834262713447749,0.5938647952016475,-1.86799881349455,0.10113405302433494,0.46426626322492504
-0.9855291228170373,-1.378203679958025,-0.38334726064721286,-0.3140792402503575,-1.7224544386552725,-0.07211715505412913,0.48781596552385054
-0.7207938780929575,-0.8841758989428347,-0.7180369086375665,-0.34821093196407027,-1.6706656887491718,-0.35027663640809265,0.42144023512797046
-1.4122111902093701,-1.3657670045325054,-0.4185863196224719,1.6124624955267655,-2.160365256695978,-0.44991363158537495,0.4297144998518587
-1.1478287821634579,-0.3087742712720686,-1.0510490585487073,0.5573627212206029,-1.2549651655986478,1.1203924878376639,0.41671220277845067
-1.1917508261530603,-0.46780698901676954,-1.0784406024483342,-0.3283237448535807,-1.3196465187717785,1.0009528942154535,0.4063466876406794
-1.3265367112241933,-0.6073349063199681,-0.9786271195216424,-0.2351399883739303,-1.4945377667175812,0.7865861614216179,0.43907982761925357
-1.1106606948194337,-0.24198504537213922,-1.071393272926236,-0.07912870754531973,-1.4888017873805548,0.3611720314997142,0.4224404224983469
-1.2689239609208207,-0.44271822407971156,-1.0629527755506316,0.16035166620408028,-1.5920707829090448,0.20643318160885155,0.4092562353371927
-1.4120463414126216,-1.513659537281677,-0.9447959105806689,-0.6277707222863508,-0.4288621558205053,0.9415677783897173,0.39843606435079826
-1.667168680331738,-2.0518123809182494,-0.7501459350158093,-0.36340037258116675,-0.07202743087514776,1.1168876798285146,0.40580101737744023
-1.5953636421191761,-1.9881433188149344,-0.7844938660543651,-0.4995968614503999,-0.13121908699059806,0.8305192899567732,0.39825431300453773
-1.6908070077363635,-2.0686378916247836,-0.7855094495027309,-0.182636807711723,-0.3196968938590679,0.5586804882862719,0.40516461018255656
-1.5805532340495756,-1.9898430577895365,-0.9511735076559292,-0.9490390624259409,-0.30583774596641405,0.3238409190307464,0.39488997071791565
-1.6519077563231805,-2.081708194121338,-1.0173619345940752,-1.3527847373486641,-0.4367837916206412,0.14737767732513862,0.4059829074651866
-1.6248752359127783,-1.9181015545138222,-1.0554537599372307,-0.99482706014808,-0.5364629892022552,-0.21467368946324572,0.38879797082252665
-1.9214817196463527,-2.5636579536182684,-0.8643455024922397,-0.407105097752854,-0.1370032290980819,0.02349601424590212,0.4548099210429142
-1.6489041019191943,-1.6123867371280876,-0.8166130790737245,1.4897863069995982,-0.254945066655583,-0.4859707152585193,0.4685397784673073
-1.1183316029832053,-0.06946451223940439,-1.4580231113295614,2.1066439673819315,0.427034066595979,1.2480642378503324,0.4334424835724877
-1.217377934963781,-0.32254592311117347,-1.5142959774147617,1.0606528996199862,0.2399475179890524,1.2485101644331502,0.40334612552955007
-1.5584804884770769,-0.6439914672175002,-1.4302710482903809,0.9556273653074612,0.09041437385715263,1.0736195133896909,0.3907983455632795
-1.6114456417429688,-0.8802444003122787,-1.4860916614832291,-0.25160020687409723,0.12424147042957677,0.9517294037992506,0.38206942499076835
-1.796282159263904,-1.5698040767681805,-1.3394777629831542,-0.6608297988479387,0.7275030351349654,1.2382858620753021,0.36352065954372503
-2.2261818872367973,-1.8759962539759039,-1.0008847094339794,0.6142362010646615,0.5064753215452368,1.033839402426907,0.37115837833124377
-2.0551970253962306,-1.8764776595347452,-1.0859679253271644,-0.46640746615480383,0.5419685709412029,0.8632635033239998,0.38079647185951515
-2.0123956638782023,-1.768213849069352,-1.0944391196095737,-0.4166626358175048,0.4267958192684449,0.5841786264890292,0.4000727976575442
-1.8258988263547644,-1.5151862210171634,-1.2392322246916665,-0.4888307301533727,0.3606940290745961,0.2555735938830472,0.4079832822059395
-1.6926856295200678,-1.340633483740548,-1.3258628535605346,-0.3500661851871241,0.20631304894324315,-0.03654514672476258,0.4026187039200504
-1.6678981580965457,-1.3255266010972586,-1.4137558354342654,-0.7410505438201331,0.035521453442814,-0.2028035577792317,0.4408074365991297
-1.4235743679635686,-0.7920741529620362,-1.3062984120144845,0.5497246399658297,-0.219300597949126,-0.6519704600120517,0.41198403168744524
-1.62855492797773,-0.9934131335158823,-1.302198654580946,0.38075536748812555,-0.4804580717514857,-0.7620471724354837,0.4026187039200504
-1.6935351005915924,-1.100848172914195,-1.3616584921761763,-0.5021104985192015,-0.5511649466194662,-0.8831186580143593,0.4365339213567474
-1.6498112982880366,-0.7128082105185805,-1.1752123270649135,1.3768079525741947,-0.7946799530688444,-1.4245363498936858,0.5306419936208051
-0.575965404649488,1.4475934673526094,-1.7270317555272148,3.4534173750159742,-0.20550167428096483,0.029734961940715243,0.515457431718898
-0.4365677588800744,1.5644693877785119,-2.0045081271296508,1.227914505729407,-0.29164412354392266,0.12382859032534949,0.5217311829605475
-0.26207212112755407,1.7637098195364773,-1.91525736974122,1.1548196494501877,-0.45318619661672704,-0.09897187731160419,0.5248227594862929
0.010841653337284356,1.8561614919842837,-1.9669418565254124,-0.516811661332692,-0.4162568766793825,-0.16310057060113684,0.5414621646071995
0.15721259234287016,2.0399158612569592,-1.771683978003702,-0.30170737812384163,-0.5725346558906459,-0.43070479021723296,0.5276414315096758
0.11476269703061741,1.8185101877536394,-1.4858594655806776,-0.24441440335341102,-0.6890753815896405,-0.5019736188539621,0.5570103679431138
0.328446685976708,2.43702909078457,-1.384556753202709,0.9063185100382333,-0.4273990441212134,0.017046382930239922,0.5674667587540154
0.6416953766400133,2.526030175595048,-1.3211120915862935,-0.04521200307396022,-0.2895841654127236,0.09806072197647218,0.588288803444174
0.7638245076161115,2.717867372640514,-1.033654088438545,0.8543149444341415,-0.355556271245598,-0.009325451233589039,0.5893798664876808
0.9912181837131221,2.4853213204847457,-0.8626465671234731,0.073877687945038,0.08680428189926913,0.31564147619581684,0.5896526322485576
1.1326439515025875,2.460551732024218,-0.7077505715393804,-0.7443999864146592,0.041526571560880896,0.18589908505352465,0.6002909131472054
1.2524787299746794,2.667384578685086,-0.526913012319211,-0.5580135874280105,0.01621365951677585,0.21834788830100563,0.6122022859185923
1.4602760585808272,2.804964785821132,-0.3691197459712084,-0.734663719863896,-0.042267472598240305,0.15000909555723257,0.5990179600159524
1.4867257223922357,2.5492765142280533,-0.21955431924821148,-1.3757614122513802,-0.018869810208070936,0.29488826574628696,0.5624659606436189
0.9933126303570168,1.761621995820023,0.20233827231685264,-0.2991998345100247,-0.1362201698554019,0.2542890007921083,0.590652819618934
1.2438194841745516,1.8005284520550624,0.16368670230573154,-1.3730815165494252,-0.029816358571350343,0.03288960474670429,0.59074383403355
1.2454544672031296,1.8769498629437726,0.31353598654522685,-0.25314233560648236,0.023457362536816705,0.18049881583453523,0.5934714916423169
1.2458601949238615,1.7380891397503757,0.43195934033413375,-0.24568525860436524,0.013369923458121075,0.02556692129883473,0.602564053648835
1.3612771871153142,1.6687372751992602,0.48395430435776426,-0.44190213864971845,0.02366471400289399,-0.12424264548035423,0.6112929742213462
1.2879082991169046,1.6382960748929263,0.667653496323195,0.7748717374652078,-0.1120901478242919,-0.4253100904509067,0.6274777234936297
1.6955609039269635,1.9817639037769,0.37922982316339143,-0.35644541431270044,0.23431100145692113,0.05473091481045102,0.6303874099316287
1.814597508526861,2.01088286557984,0.37250901916439505,-0.5055243036776741,0.253207558780692,0.06644677737444886,0.6442080042876668
1.860898198839896,1.633897972547891,0.5636432157230682,0.09320200549927461,0.8715656956360159,0.4681622551325922,0.6315693486482659
1.8742134178269203,1.4174358442483,0.531445725639429,-0.7927152291200045,0.7063992601281219,0.42313994441501596,0.6534824563819313
1.9455657825307147,1.752349097173412,0.570642634230287,-0.023705723536165995,0.6216124568995095,0.35772415415080766,0.6192034587697417
1.4820404528451723,1.3163925821060212,0.8291434242530217,1.7184093378355083,0.16354720663541003,0.2637709395684267,0.7467720926218733
2.0767239182701838,2.387127284656663,0.7954624972084102,3.5905491720827634,-0.032789228390065664,-0.21787091092473038,0.8006001817929687
2.985769953728936,3.082222943867151,0.6510414447445602,4.186561034265306,-0.3159053164142135,-0.39503084978485986,0.8112384626916167
3.594765748701527,3.4071211116629536,0.3809493940533448,2.1010729717407757,-0.35110265993249745,-0.3876339900216357,0.7953264791802097
3.662185576319129,3.275487919788804,0.45213697565173455,1.0742916482025135,-0.4327458857193386,-0.3118187585229083,0.8333333217715426
3.887851951810643,3.4659559992076,0.7342000074688073,1.9743657113774709,-0.5798844548940492,-0.5612990403699533,0.811692979798754
3.9150228222857626,3.156110189224965,0.9908225830900127,1.4444954055990025,-0.6896728671191815,-0.523750660672952,0.7697762633990455
3.4805726637614307,2.4044445097079015,1.4076104419281334,1.5602968988443584,-0.684448083570892,-0.4667066102276876,0.7498636691476186
2.7445320804170716,1.9698860878251374,2.118623714137014,4.558688424823748,-1.2084747794058934,-0.883772221298093,0.7557737789552612
3.119241507586326,1.1859015762265055,2.0536459697119795,1.2885830179686506,-0.18128045007232413,-0.36484379315162874,0.7642299337668956
3.345492670608867,1.0254924366781208,2.0656733507670553,0.1535334717895418,-0.12977912641958989,-0.5086255346425063,0.8022367763582288
3.6044238984861954,1.1800910935001765,2.1456986527833335,0.6147508238406696,-0.2975231000147998,-0.830194489403922,0.8099655095603635
3.8879969015809204,1.1958107734682089,2.0645780197386583,-0.26663133590377386,-0.3765596242888082,-0.9632425403802172,0.7783232938838105
3.5036583393423277,0.8051595523763293,2.3534198772515196,1.1573646485271842,-0.8085544615477379,-1.201998923210483,0.8340607433810425
3.9114344125677114,1.078635768317905,2.1464802786197903,0.23558615014396284,-0.8053659380113257,-1.4260494931198109,0.8660666004916024
4.458015332971149,2.2728217693829182,1.5152653364294137,0.40723575720307986,-0.08158936276540422,0.15429917862631118,0.8777050687606269
4.780252433751123,1.8059578993405336,1.4225377361579477,-0.6470846950047698,0.7964870882919858,0.8000244908708893,0.9212583797255955
5.006137488449937,2.2440303950754634,1.4833679366583177,0.8580692729746019,0.4819273866560817,0.5419110066012548,0.9347154713891122
5.304811513377822,2.508758173425669,1.4268418304362045,0.8187495726262444,0.3342917282532586,0.46536305514343196,0.9425349415228916
5.602933338894481,2.680190308199818,1.3761080136862278,0.19877313540556701,0.27238741814520373,0.45193953588279784,0.981632985899217
5.8839338131059264,3.0236130831592964,1.4642166608474767,1.0283281527780224,0.05251674801977727,0.27016059412968335,0.9324423308874825
5.618686604944998,2.4788736304953307,1.6578171339898917,1.0119353725240758,-0.23266320145868952,0.20344300997938147,0.9594471124046751
5.876303426764763,2.4728122178379692,1.683112918046442,0.3704507707421231,-0.2338619434387067,-0.013872025475110811,0.9945444072994947
6.297428632376424,2.8379398916004983,1.6650650560259095,0.9357214593839652,-0.24178981315647394,0.07193405399515955,0.9983634054347397
6.494279057829251,2.7244515882348592,1.6156209851943937,-0.19595496649963057,-0.13799732426050937,0.026588975821599987,0.9443535649173838
5.873917604374284,1.7917437927146782,1.9378711925145278,0.5782160272848558,-0.07628662009381855,0.07523602189545793,0.9016184124935596
5.4888905972538335,1.0718269054919183,2.1575757715133443,0.8454259911205753,-0.1791931688928557,-0.1497547577173906,0.9028004899516826
5.481816277165594,0.7012093119070305,2.111942682311056,-0.15651630433218128,-0.04071921232864262,-0.36102049200772524,0.8996181764942925
5.438370331884496,0.29412224779681,2.1269236635799613,-0.2604363866403516,-0.010131073558141633,-0.5200639637239332,0.9091652556079481
5.486888613467117,0.05577726761363301,1.9792160203510114,-0.8499357683490593,0.093269160490117,-0.6656071901389217,0.8503363683264564
4.670675521582099,-1.9175736328953616,2.467386143069527,0.758154321841125,1.3926527130816788,0.25522583798620124,0.8407892892128008
4.444375043260521,-2.358193738724533,2.4055407318785114,0.12275601249887087,1.4377686716491138,0.19505689649461064,0.8450628044551831
4.5048387387512,-2.5290037312741465,2.209911174078259,-0.5673895437948664,1.3860968218373837,0.017947335897851212,0.8476087107176895
4.517621317108603,-2.622154065443969,1.9849982315382684,-1.0155090306773529,1.262565093789216,-0.16515101039157898,0.8527005232427018
4.522898217515788,-2.630762269630588,1.7997488435665379,-0.6153052319818122,1.0367354997119262,-0.4460286466467053,0.882524115524763
4.7283577293805115,-2.3589965152968557,1.513133989565769,-0.012675369499544035,0.8203485538084488,-0.8194864028180425,0.8486997737611963
4.43931875728596,-2.621910244249947,1.4077662473575896,0.6093775294434931,0.4299355401002513,-0.9954824871057107,0.8623386167709735
4.2928749060049,-2.496181498029099,1.3611118438620586,2.170225587429427,0.12888896633921293,-1.4320609706267367,0.7660484184199021
2.972658929927328,-3.7368489832881053,1.796929259143218,2.4833599320315822,0.4902204110481174,-0.6291687268371045,0.7474995142313732
3.089023471581173,-4.002761196005983,1.7587913632585228,0.7625765596497244,0.4451675973790658,-0.3907404465555651,0.7710493552717843
3.352441902802935,-3.829003750816729,1.6357169446742645,0.4827989194219821,0.3440814643382083,-0.4420910746728872,0.8027823078799821
3.7649485835651513,-3.367534125922735,1.2304455947675974,-0.3451318557544075,0.3227048023555155,-0.3189744889707706,0.8294235867046531
4.021595709613927,-3.0058310913315975,0.8734165359564577,-0.6286776521809962,0.10025250532841308,-0.5313246004639192,0.8411529306468077
4.3032547161609065,-2.662210206961905,0.4681580133415729,-0.8698280421948777,-0.0588158320622114,-0.6141028449576235,0.875159162498121
4.679403243011531,-1.578222326020014,-0.19288866368261073,-0.20227434039477651,0.1813446976829473,0.10117563146737622,0.8792507876527569
4.829950597782065,-1.3618430721420844,-0.5227989082024265,-0.319927555114929,-0.005020935849491832,-0.15595694117227504,0.9065284736723116
5.099707456051843,-1.0141179172977324,-0.8178096193206308,0.04983766591156878,-0.1744296755051811,-0.5339127188452899,0.918621597789959
5.41517317656937,0.011749749221864031,-1.493485393833592,0.11334394193405994,0.31279184627518597,0.5169511939536475,0.9171667545709596
5.469591897734234,0.08129971193488725,-1.686043633048758,-0.151476147088883,0.18769971445751105,0.2725304098457914,0.9228040986177255
5.735080628834575,0.30408737015199727,-1.9693813597605854,-1.0128969001690034,0.310567771392083,0.33097650252513094,0.9218039112473491
5.716569299918571,0.38061008264655405,-1.9826250856312218,-0.6190490706540842,0.19479009309504886,0.17326919809856076,0.9048008646924355
5.553103590095517,0.22774204582316257,-1.8938668479125016,0.013344392698624977,0.033498408384091065,0.037412309044129476,0.9258046607288548
5.706375131854306,0.3212933203954392,-1.9627956704022314,-0.386399099036382,0.04118625572553982,-0.2528482317023182,0.9288960985131143
5.838568721456589,0.2079243855522537,-2.0483107532223683,-1.100911477613018,0.15264198143183164,-0.3917894484761296,0.936624831715249
5.918623352002516,0.39155578311767947,-2.084171590444119,-0.5745868710032916,0.2982202818463641,-0.23019201062652483,0.9226223472714647
5.873828938697319,0.16606565005928464,-2.000007564388212,-0.4229748809569537,0.2617499407172674,-0.20702782544454174,0.9526276908997862
6.0601482219962195,0.38442509388966883,-1.8746746880300647,0.5441621723096695,0.22549041848118295,-0.3724964827609088,0.9454446279608908
5.955043361016355,0.2112595639702453,-1.7910986511323712,0.571449365022608,0.13340872036869225,-0.4810097669735703,0.8887980055078979
5.520462603178426,-0.5812815019347856,-1.5717367013756463,0.28118675400749293,0.00830553781668054,-0.4254840813565408,0.8713403031043614
5.009316101454159,-2.2052233332072584,-1.0560426520069994,0.16051511457592954,1.549397677988718,0.6342432792190394,0.8852519118750155
5.222318397333083,-2.2583347658904307,-1.0648728649987338,-0.4273153853483113,1.550214767911107,0.4044685484024979,0.8710675373434846
4.994507272134213,-2.4806447237034415,-0.8766805607991778,0.32787458131339864,1.2543648788804134,0.17188333024705482,0.8718858346261149
4.718997148824595,-2.776506706472206,-0.6156388407909829,1.3090702652203021,1.3188549333495863,0.12076018632032999,0.8646117572726031
4.715449149164933,-2.9080136716762177,-0.6704763270262816,0.44773032006279306,1.1682531654956092,0.05660401824547333,0.8877978181375215
4.967969267764373,-2.686440612310874,-0.8146506326483448,0.0056789940116319755,1.0898363212103934,-0.184992156355289,0.8887980055078979
5.104166211713357,-2.642244454388878,-0.972937527283168,-0.5354485677561034,0.9498590874055246,-0.3495675651678258,0.8863429749185221
5.125456493430925,-2.64340478360851,-1.062045917649999,-0.621392172426633,0.7291277686318803,-0.5352504955036513,0.8301510083141528
4.280013858368758,-3.591725679723582,-0.5581390027101418,0.7858727259132291,0.7415388269175699,-0.23595621170472478,0.8344243848150494
4.38294257503895,-3.6394765545590753,-0.5244827681070287,-0.08863029633827771,0.653209674261952,-0.3305385269460743,0.869885459885362
4.60408563813686,-3.2620227476451924,-0.5622257556682284,0.7608782462525303,0.4850449924795982,-0.7596937690229414,0.9442625505027678
5.24875245899572,-2.4589011384236783,-0.8675902630631165,1.22591754758536,0.33341939903998086,-1.2177352079119725,0.938170550607379
4.864442346173029,-1.022152423060753,-1.06713590495694,6.203629537557943,0.2710973157319132,0.2570739264980555,0.9224404571837181
5.366086096961853,-1.1227116573676812,-1.7959047727700501,0.8425038896025131,0.6231737083852633,0.6015143844099534,0.9306237074929904
5.543055448908751,-1.007127477274672,-1.9097965823154603,0.16835066787364308,0.5640448439054071,0.401582486483824,0.9215311454864723
5.404480911165541,-1.0773005922139824,-1.916602400144527,0.01785710272848692,0.4023806430918946,0.20755568021923493,0.9319876750388596
5.597110480038806,-0.9933469442191029,-1.9654863176832407,-0.4383701225240918,0.3468699143119662,-0.027882428828436542,0.93444256688675
5.716652691299962,-0.9634436742831182,-1.9622241196124943,-0.6971241667282659,0.24088760285633895,-0.25169168357466803,0.9818148759869636
5.912146743210029,-0.48200687738210357,-1.83790266795666,0.751683087860635,-0.021322333861071838,-0.7214453790722584,0.9200764410089584
5.4040361265898715,-1.08048436992595,-1.6732469271118684,1.0660895680886837,-0.3520610796938654,-0.8132292712395935,0.9252591292071013
5.590004571206528,-1.182312383967878,-1.8587845653713875,-0.9753208214958712,-0.1679964333881292,-0.9068925213576571,0.9151663798302068
5.473667554562714,-1.3776450200822061,-1.776123092734132,-0.9512552530523452,-0.3011675327009685,-1.1330215409262296,0.9254410192948475
5.551316685684902,-1.365267306932134,-1.7104075644375207,-0.722478569390841,-0.4131001944882305,-1.4358073832137603,0.8789780218918801
5.146168988523864,-1.966674945003803,-1.5001774772322698,-0.6565964768422424,-0.536410441488678,-1.465199288171474,0.9160756915274526
5.4114979777998995,-1.8436822267451882,-1.5849598031364796,-1.2900195383685056,-0.39614575455145035,-1.6607267184191914,0.9503545503981565
5.491090440109271,-2.6205877060235343,-1.4106209405324603,-0.7172607997702602,0.8724656231065339,-0.9853679539280996,0.9458082693948977
5.5995124941561825,-2.5882584364531813,-1.5322468833854117,-1.2641189307111715,0.707135210572941,-1.1324120503427235,0.9322604407997364
5.586514617986406,-2.2126229470641143,-1.7107279351962714,-0.8561966305742048,0.8152601285584076,-0.526542628816661,0.9663575483241795
5.7335045893019885,-1.8906538245428115,-1.6668036336825998,-0.1678931227305007,0.6014246455496565,-0.876099052544791,0.9895436091890983
6.0727842279388,-0.6987895163185738,-1.9268401651622364,1.4984101481508476,0.8897837105221728,0.2407604831456121,0.9707219392396922
6.123166831350852,-0.8207637689909653,-2.1013536674784374,-0.5049195709611011,0.8512766464595626,0.30104657095351584,0.9740861427848289
